seed,network,method,in_dist,shift,degradation
0,mlp,uncon_all,0.6125654450261779,0.6227848101265823,0.010219365100404332
0,mlp,con_all,2.136125654450262,2.10379746835443,-0.03232818609583177
0,mlp,dsep_uncon,0.5732984293193717,0.4405063291139241,-0.13279210020544757
0,mlp,dsep_con,0.5732984293193717,0.4405063291139241,-0.13279210020544757
0,deep_mlp,uncon_all,0.6125654450261779,0.6227848101265823,0.010219365100404332
0,deep_mlp,con_all,0.5863874345549738,0.4632911392405064,-0.12309629531446736
0,deep_mlp,dsep_uncon,0.5732984293193717,0.4405063291139241,-0.13279210020544757
0,deep_mlp,dsep_con,0.5732984293193717,0.4405063291139241,-0.13279210020544757
1,mlp,uncon_all,0.5349999999999999,1.0231660231660231,0.4881660231660232
1,mlp,con_all,0.5174999999999998,0.7799227799227797,0.26242277992277985
1,mlp,dsep_uncon,0.5174999999999998,0.7799227799227797,0.26242277992277985
1,mlp,dsep_con,0.5174999999999998,0.7799227799227797,0.26242277992277985
1,deep_mlp,uncon_all,0.5174999999999998,0.7799227799227797,0.26242277992277985
1,deep_mlp,con_all,0.5174999999999998,0.7799227799227797,0.26242277992277985
1,deep_mlp,dsep_uncon,0.5174999999999998,0.7799227799227797,0.26242277992277985
1,deep_mlp,dsep_con,0.5174999999999998,0.7799227799227797,0.26242277992277985
2,mlp,uncon_all,0.4804597701149424,0.7561837455830387,0.2757239754680963
2,mlp,con_all,1.0,2.918727915194346,1.9187279151943462
2,mlp,dsep_uncon,0.4804597701149424,0.7561837455830387,0.2757239754680963
2,mlp,dsep_con,0.4804597701149424,0.7561837455830387,0.2757239754680963
2,deep_mlp,uncon_all,0.4804597701149424,0.7561837455830387,0.2757239754680963
2,deep_mlp,con_all,1.0,2.918727915194346,1.9187279151943462
2,deep_mlp,dsep_uncon,0.4804597701149424,0.7561837455830387,0.2757239754680963
2,deep_mlp,dsep_con,0.4804597701149424,0.7561837455830387,0.2757239754680963
3,mlp,uncon_all,0.741573033707865,0.5203252032520324,-0.22124783045583263
3,mlp,con_all,1.0,1.0,0.0
3,mlp,dsep_uncon,0.741573033707865,0.5203252032520324,-0.22124783045583263
3,mlp,dsep_con,0.741573033707865,0.5203252032520324,-0.22124783045583263
3,deep_mlp,uncon_all,0.741573033707865,0.5203252032520324,-0.22124783045583263
3,deep_mlp,con_all,1.0,1.0,0.0
3,deep_mlp,dsep_uncon,0.741573033707865,0.5203252032520324,-0.22124783045583263
3,deep_mlp,dsep_con,0.741573033707865,0.5203252032520324,-0.22124783045583263
4,mlp,uncon_all,0.6388059701492537,0.9100719424460431,0.2712659722967894
4,mlp,con_all,1.0,1.0,0.0
4,mlp,dsep_uncon,0.6119402985074627,0.7374100719424458,0.1254697734349831
4,mlp,dsep_con,0.6119402985074627,0.7374100719424458,0.1254697734349831
4,deep_mlp,uncon_all,0.6388059701492537,0.9100719424460431,0.2712659722967894
4,deep_mlp,con_all,1.0,1.0,0.0
4,deep_mlp,dsep_uncon,0.6119402985074627,0.7374100719424458,0.1254697734349831
4,deep_mlp,dsep_con,0.6119402985074627,0.7374100719424458,0.1254697734349831
5,mlp,uncon_all,0.5794701986754968,0.6702127659574468,0.09074256728195007
5,mlp,con_all,1.0,1.930851063829787,0.9308510638297871
5,mlp,dsep_uncon,0.5794701986754968,0.5425531914893615,-0.03691700718613522
5,mlp,dsep_con,0.5794701986754968,0.5425531914893615,-0.03691700718613522
5,deep_mlp,uncon_all,0.5794701986754968,0.5425531914893615,-0.03691700718613522
5,deep_mlp,con_all,1.0,1.930851063829787,0.9308510638297871
5,deep_mlp,dsep_uncon,0.5794701986754968,0.5425531914893615,-0.03691700718613522
5,deep_mlp,dsep_con,0.5794701986754968,0.5425531914893615,-0.03691700718613522
6,mlp,uncon_all,0.45330296127562636,0.6699751861042184,0.216672224828592
6,mlp,con_all,1.0,1.0,0.0
6,mlp,dsep_uncon,0.43280182232346237,0.49131513647642666,0.05851331415296429
6,mlp,dsep_con,0.43280182232346237,0.49131513647642666,0.05851331415296429
6,deep_mlp,uncon_all,0.43280182232346237,0.49131513647642666,0.05851331415296429
6,deep_mlp,con_all,1.0,1.0,0.0
6,deep_mlp,dsep_uncon,0.43280182232346237,0.49131513647642666,0.05851331415296429
6,deep_mlp,dsep_con,0.43280182232346237,0.49131513647642666,0.05851331415296429
7,mlp,uncon_all,0.5034642032332562,0.6839378238341969,0.18047362060094063
7,mlp,con_all,1.577367205542725,0.7124352331606219,-0.8649319723821032
7,mlp,dsep_uncon,0.4642032332563509,0.5129533678756475,0.048750134619296615
7,mlp,dsep_con,0.4642032332563509,0.5129533678756475,0.048750134619296615
7,deep_mlp,uncon_all,0.5034642032332562,0.6839378238341969,0.18047362060094063
7,deep_mlp,con_all,1.6997690531177827,0.821243523316062,-0.8785255298017207
7,deep_mlp,dsep_uncon,0.4642032332563509,0.5129533678756475,0.048750134619296615
7,deep_mlp,dsep_con,0.4642032332563509,0.5129533678756475,0.048750134619296615
8,mlp,uncon_all,0.7681159420289854,0.9477911646586344,0.17967522262964908
8,mlp,con_all,1.0,1.0,0.0
8,mlp,dsep_uncon,0.7463768115942027,0.6947791164658637,-0.051597695128339005
8,mlp,dsep_con,0.7463768115942027,0.6947791164658637,-0.051597695128339005
8,deep_mlp,uncon_all,0.7826086956521737,1.1285140562248996,0.3459053605727259
8,deep_mlp,con_all,1.0,1.0,0.0
8,deep_mlp,dsep_uncon,0.7463768115942027,0.6947791164658637,-0.051597695128339005
8,deep_mlp,dsep_con,0.7463768115942027,0.6947791164658637,-0.051597695128339005
9,mlp,uncon_all,0.4473684210526317,0.9752650176678445,0.5278965966152127
9,mlp,con_all,1.0,2.9045936395759715,1.9045936395759715
9,mlp,dsep_uncon,0.43301435406698574,0.7102473498233213,0.27723299575633553
9,mlp,dsep_con,0.43301435406698574,0.7102473498233213,0.27723299575633553
9,deep_mlp,uncon_all,0.43301435406698574,0.7102473498233213,0.27723299575633553
9,deep_mlp,con_all,1.0,2.9045936395759715,1.9045936395759715
9,deep_mlp,dsep_uncon,0.43301435406698574,0.7102473498233213,0.27723299575633553
9,deep_mlp,dsep_con,0.43301435406698574,0.7102473498233213,0.27723299575633553
10,mlp,uncon_all,0.5887850467289719,0.6426332288401254,0.0538481821111535
10,mlp,con_all,0.8099688473520251,2.1003134796238245,1.2903446322717995
10,mlp,dsep_uncon,0.5887850467289719,0.6426332288401254,0.0538481821111535
10,mlp,dsep_con,0.5887850467289719,0.6426332288401254,0.0538481821111535
10,deep_mlp,uncon_all,0.6199376947040498,0.6896551724137931,0.06971747770974335
10,deep_mlp,con_all,0.7975077881619939,2.0815047021943576,1.2839969140323637
10,deep_mlp,dsep_uncon,0.5887850467289719,0.6426332288401254,0.0538481821111535
10,deep_mlp,dsep_con,0.5887850467289719,0.6426332288401254,0.0538481821111535
11,mlp,uncon_all,0.5563909774436089,0.5775075987841944,0.021116621340585562
11,mlp,con_all,0.736842105263158,2.306990881458967,1.570148776195809
11,mlp,dsep_uncon,0.5563909774436089,0.5775075987841944,0.021116621340585562
11,mlp,dsep_con,0.5563909774436089,0.5775075987841944,0.021116621340585562
11,deep_mlp,uncon_all,0.5563909774436089,0.5775075987841944,0.021116621340585562
11,deep_mlp,con_all,0.736842105263158,2.306990881458967,1.570148776195809
11,deep_mlp,dsep_uncon,0.5563909774436089,0.5775075987841944,0.021116621340585562
11,deep_mlp,dsep_con,0.5563909774436089,0.5775075987841944,0.021116621340585562
12,mlp,uncon_all,0.42528735632183917,0.6587301587301587,0.23344280240831955
12,mlp,con_all,1.5149425287356322,1.896825396825397,0.3818828680897648
12,mlp,dsep_uncon,0.4137931034482759,0.4814814814814816,0.06768837803320571
12,mlp,dsep_con,0.4137931034482759,0.4814814814814816,0.06768837803320571
12,deep_mlp,uncon_all,0.4137931034482759,0.4814814814814816,0.06768837803320571
12,deep_mlp,con_all,0.4137931034482759,0.4814814814814816,0.06768837803320571
12,deep_mlp,dsep_uncon,0.4137931034482759,0.4814814814814816,0.06768837803320571
12,deep_mlp,dsep_con,0.4137931034482759,0.4814814814814816,0.06768837803320571
13,mlp,uncon_all,0.6656346749226006,0.6057692307692305,-0.05986544415337014
13,mlp,con_all,0.8606811145510838,2.03525641025641,1.1745752957053264
13,mlp,dsep_uncon,0.6656346749226006,0.6057692307692305,-0.05986544415337014
13,mlp,dsep_con,0.6656346749226006,0.6057692307692305,-0.05986544415337014
13,deep_mlp,uncon_all,0.6656346749226006,0.6057692307692305,-0.05986544415337014
13,deep_mlp,con_all,0.8606811145510838,2.03525641025641,1.1745752957053264
13,deep_mlp,dsep_uncon,0.6656346749226006,0.6057692307692305,-0.05986544415337014
13,deep_mlp,dsep_con,0.6656346749226006,0.6057692307692305,-0.05986544415337014
14,mlp,uncon_all,0.636085626911315,0.6582278481012658,0.022142221189950795
14,mlp,con_all,1.033639143730887,2.2658227848101267,1.2321836410792397
14,mlp,dsep_uncon,0.636085626911315,0.6582278481012658,0.022142221189950795
14,mlp,dsep_con,0.636085626911315,0.6582278481012658,0.022142221189950795
14,deep_mlp,uncon_all,0.636085626911315,0.6582278481012658,0.022142221189950795
14,deep_mlp,con_all,1.033639143730887,2.2658227848101267,1.2321836410792397
14,deep_mlp,dsep_uncon,0.636085626911315,0.6582278481012658,0.022142221189950795
14,deep_mlp,dsep_con,0.636085626911315,0.6582278481012658,0.022142221189950795
15,mlp,uncon_all,0.714801444043321,0.5591397849462365,-0.15566165909708451
15,mlp,con_all,1.0,1.916666666666667,0.916666666666667
15,mlp,dsep_uncon,0.714801444043321,0.5591397849462365,-0.15566165909708451
15,mlp,dsep_con,0.714801444043321,0.5591397849462365,-0.15566165909708451
15,deep_mlp,uncon_all,0.714801444043321,0.5591397849462365,-0.15566165909708451
15,deep_mlp,con_all,1.0,1.916666666666667,0.916666666666667
15,deep_mlp,dsep_uncon,0.714801444043321,0.5591397849462365,-0.15566165909708451
15,deep_mlp,dsep_con,0.714801444043321,0.5591397849462365,-0.15566165909708451
16,mlp,uncon_all,0.5471204188481674,0.6050955414012739,0.05797512255310644
16,mlp,con_all,0.8848167539267014,2.509554140127389,1.6247373862006875
16,mlp,dsep_uncon,0.5471204188481674,0.6050955414012739,0.05797512255310644
16,mlp,dsep_con,0.5471204188481674,0.6050955414012739,0.05797512255310644
16,deep_mlp,uncon_all,0.5523560209424083,0.6337579617834395,0.08140194084103114
16,deep_mlp,con_all,0.7146596858638744,2.318471337579618,1.603811651715744
16,deep_mlp,dsep_uncon,0.5471204188481674,0.6050955414012739,0.05797512255310644
16,deep_mlp,dsep_con,0.5471204188481674,0.6050955414012739,0.05797512255310644
17,mlp,uncon_all,0.5285359801488833,0.611111111111111,0.0825751309622278
17,mlp,con_all,0.8585607940446649,1.678743961352657,0.820183167307992
17,mlp,dsep_uncon,0.48387096774193533,0.4661835748792269,-0.01768739286270843
17,mlp,dsep_con,0.48387096774193533,0.4661835748792269,-0.01768739286270843
17,deep_mlp,uncon_all,0.48387096774193533,0.4661835748792269,-0.01768739286270843
17,deep_mlp,con_all,0.8436724565756822,1.615942028985507,0.7722695724098249
17,deep_mlp,dsep_uncon,0.48387096774193533,0.4661835748792269,-0.01768739286270843
17,deep_mlp,dsep_con,0.48387096774193533,0.4661835748792269,-0.01768739286270843
18,mlp,uncon_all,0.65814696485623,0.8169934640522875,0.15884649919605742
18,mlp,con_all,0.8370607028753996,0.8562091503267972,0.019148447451397654
18,mlp,dsep_uncon,0.6389776357827476,0.656862745098039,0.017885109315291414
18,mlp,dsep_con,0.6389776357827476,0.656862745098039,0.017885109315291414
18,deep_mlp,uncon_all,0.6613418530351438,2.1241830065359473,1.4628411535008035
18,deep_mlp,con_all,1.4217252396166136,2.859477124183006,1.4377518845663926
18,deep_mlp,dsep_uncon,0.6389776357827476,0.656862745098039,0.017885109315291414
18,deep_mlp,dsep_con,0.6389776357827476,0.656862745098039,0.017885109315291414
19,mlp,uncon_all,0.5835694050991501,0.6501650165016499,0.06659561140249981
19,mlp,con_all,0.5835694050991501,0.6501650165016499,0.06659561140249981
19,mlp,dsep_uncon,0.5835694050991501,0.6501650165016499,0.06659561140249981
19,mlp,dsep_con,0.5835694050991501,0.6501650165016499,0.06659561140249981
19,deep_mlp,uncon_all,0.5835694050991501,0.6501650165016499,0.06659561140249981
19,deep_mlp,con_all,0.5835694050991501,0.6501650165016499,0.06659561140249981
19,deep_mlp,dsep_uncon,0.5835694050991501,0.6501650165016499,0.06659561140249981
19,deep_mlp,dsep_con,0.5835694050991501,0.6501650165016499,0.06659561140249981
20,mlp,uncon_all,0.6572327044025157,0.6315789473684211,-0.02565375703409456
20,mlp,con_all,0.6572327044025157,0.6315789473684211,-0.02565375703409456
20,mlp,dsep_uncon,0.6572327044025157,0.6315789473684211,-0.02565375703409456
20,mlp,dsep_con,0.6572327044025157,0.6315789473684211,-0.02565375703409456
20,deep_mlp,uncon_all,0.6572327044025157,0.6315789473684211,-0.02565375703409456
20,deep_mlp,con_all,2.474842767295598,2.814035087719298,0.3391923204237002
20,deep_mlp,dsep_uncon,0.6572327044025157,0.6315789473684211,-0.02565375703409456
20,deep_mlp,dsep_con,0.6572327044025157,0.6315789473684211,-0.02565375703409456
21,mlp,uncon_all,1.0,1.0,0.0
21,mlp,con_all,1.0,1.0,0.0
21,mlp,dsep_uncon,1.0,1.0,0.0
21,mlp,dsep_con,1.0,1.0,0.0
21,deep_mlp,uncon_all,1.0,1.0,0.0
21,deep_mlp,con_all,1.0,1.0,0.0
21,deep_mlp,dsep_uncon,1.0,1.0,0.0
21,deep_mlp,dsep_con,1.0,1.0,0.0
22,mlp,uncon_all,0.6147058823529411,0.6119402985074627,-0.0027655838454784254
22,mlp,con_all,1.0,2.283582089552239,1.283582089552239
22,mlp,dsep_uncon,0.6147058823529411,0.6119402985074627,-0.0027655838454784254
22,mlp,dsep_con,0.6147058823529411,0.6119402985074627,-0.0027655838454784254
22,deep_mlp,uncon_all,0.6147058823529411,0.6119402985074627,-0.0027655838454784254
22,deep_mlp,con_all,1.0,2.283582089552239,1.283582089552239
22,deep_mlp,dsep_uncon,0.6147058823529411,0.6119402985074627,-0.0027655838454784254
22,deep_mlp,dsep_con,0.6147058823529411,0.6119402985074627,-0.0027655838454784254
23,mlp,uncon_all,0.6355421686746988,0.7950819672131145,0.1595397985384157
23,mlp,con_all,1.0,1.0,0.0
23,mlp,dsep_uncon,0.6355421686746988,0.7950819672131145,0.1595397985384157
23,mlp,dsep_con,0.6355421686746988,0.7950819672131145,0.1595397985384157
23,deep_mlp,uncon_all,0.6355421686746988,0.7950819672131145,0.1595397985384157
23,deep_mlp,con_all,0.8102409638554219,0.9836065573770492,0.17336559352162728
23,deep_mlp,dsep_uncon,0.6355421686746988,0.7950819672131145,0.1595397985384157
23,deep_mlp,dsep_con,0.6355421686746988,0.7950819672131145,0.1595397985384157
24,mlp,uncon_all,0.6490683229813664,0.7551622418879057,0.1060939189065393
24,mlp,con_all,0.6273291925465838,0.5486725663716816,-0.07865662617490221
24,mlp,dsep_uncon,0.6273291925465838,0.5486725663716816,-0.07865662617490221
24,mlp,dsep_con,0.6273291925465838,0.5486725663716816,-0.07865662617490221
24,deep_mlp,uncon_all,0.6273291925465838,0.5486725663716816,-0.07865662617490221
24,deep_mlp,con_all,0.6273291925465838,0.5486725663716816,-0.07865662617490221
24,deep_mlp,dsep_uncon,0.6273291925465838,0.5486725663716816,-0.07865662617490221
24,deep_mlp,dsep_con,0.6273291925465838,0.5486725663716816,-0.07865662617490221
25,mlp,uncon_all,0.6226993865030674,0.6631299734748011,0.04043058697173363
25,mlp,con_all,1.021472392638037,0.9787798408488063,-0.04269255178923059
25,mlp,dsep_uncon,0.6012269938650306,0.5119363395225462,-0.0892906543424844
25,mlp,dsep_con,0.6012269938650306,0.5119363395225462,-0.0892906543424844
25,deep_mlp,uncon_all,0.6503067484662577,0.7798408488063662,0.12953410034010848
25,deep_mlp,con_all,0.8435582822085891,0.8196286472148543,-0.023929634993734794
25,deep_mlp,dsep_uncon,0.6012269938650306,0.5119363395225462,-0.0892906543424844
25,deep_mlp,dsep_con,0.6012269938650306,0.5119363395225462,-0.0892906543424844
26,mlp,uncon_all,0.7614035087719296,0.9512195121951219,0.18981600342319227
26,mlp,con_all,1.0,1.0,0.0
26,mlp,dsep_uncon,0.7228070175438595,0.7944250871080137,0.07161806956415429
26,mlp,dsep_con,0.7228070175438595,0.7944250871080137,0.07161806956415429
26,deep_mlp,uncon_all,0.7614035087719296,0.9512195121951219,0.18981600342319227
26,deep_mlp,con_all,1.0,1.0,0.0
26,deep_mlp,dsep_uncon,0.7228070175438595,0.7944250871080137,0.07161806956415429
26,deep_mlp,dsep_con,0.7228070175438595,0.7944250871080137,0.07161806956415429
27,mlp,uncon_all,0.8015564202334629,0.825153374233129,0.023596953999666104
27,mlp,con_all,1.0350194552529184,0.8312883435582824,-0.20373111169463598
27,mlp,dsep_uncon,0.7859922178988324,0.6319018404907976,-0.15409037740803488
27,mlp,dsep_con,0.7859922178988324,0.6319018404907976,-0.15409037740803488
27,deep_mlp,uncon_all,0.8015564202334629,0.825153374233129,0.023596953999666104
27,deep_mlp,con_all,1.0350194552529184,0.8312883435582824,-0.20373111169463598
27,deep_mlp,dsep_uncon,0.7859922178988324,0.6319018404907976,-0.15409037740803488
27,deep_mlp,dsep_con,0.7859922178988324,0.6319018404907976,-0.15409037740803488
28,mlp,uncon_all,1.0,1.0,0.0
28,mlp,con_all,1.0,1.0,0.0
28,mlp,dsep_uncon,1.0,1.0,0.0
28,mlp,dsep_con,1.0,1.0,0.0
28,deep_mlp,uncon_all,1.0408163265306123,1.2448979591836737,0.20408163265306145
28,deep_mlp,con_all,1.0,1.0,0.0
28,deep_mlp,dsep_uncon,1.0,1.0,0.0
28,deep_mlp,dsep_con,1.0,1.0,0.0
29,mlp,uncon_all,0.6477987421383647,0.687919463087248,0.040120720948883304
29,mlp,con_all,1.0,1.0,0.0
29,mlp,dsep_uncon,0.6477987421383647,0.687919463087248,0.040120720948883304
29,mlp,dsep_con,0.6477987421383647,0.687919463087248,0.040120720948883304
29,deep_mlp,uncon_all,0.6729559748427673,0.8691275167785234,0.19617154193575614
29,deep_mlp,con_all,0.6477987421383647,0.687919463087248,0.040120720948883304
29,deep_mlp,dsep_uncon,0.6477987421383647,0.687919463087248,0.040120720948883304
29,deep_mlp,dsep_con,0.6477987421383647,0.687919463087248,0.040120720948883304
